{
  "model_and_data": {
    "rate_divisor": "equilibrium_exit_rate", 
    "edge_rate_coefficients": [
      0.030457, 
      0.033087, 
      0.012035, 
      0.024003, 
      0.013231, 
      0.010772, 
      0.010772, 
      0.036038, 
      0.069125, 
      0.099582
    ], 
    "rate_matrix": [
      [
        0, 
        1, 
        1, 
        1
      ], 
      [
        1, 
        0, 
        1, 
        1
      ], 
      [
        1, 
        1, 
        0, 
        1
      ], 
      [
        1, 
        1, 
        1, 
        0
      ]
    ], 
    "edges": [
      [
        10, 
        8
      ], 
      [
        8, 
        6
      ], 
      [
        6, 
        4
      ], 
      [
        4, 
        0
      ], 
      [
        4, 
        3
      ], 
      [
        3, 
        1
      ], 
      [
        3, 
        2
      ], 
      [
        6, 
        5
      ], 
      [
        8, 
        7
      ], 
      [
        10, 
        9
      ]
    ], 
    "root_prior": [
      0.25, 
      0.25, 
      0.25, 
      0.25
    ]
  }
}
