{
  "model_and_data": {
    "edges": [
      [10, 8],
      [8, 6],
      [6, 4],
      [4, 0],
      [4, 3],
      [3, 1],
      [3, 2],
      [6, 5],
      [8, 7],
      [10, 9]], 
    "edge_rate_coefficients": [
      0.030457, 
      0.033087, 
      0.012035, 
      0.024003, 
      0.013231, 
      0.010772, 
      0.010772, 
      0.036038, 
      0.069125, 
      0.099582],
    "root_prior" : [
      0.26121198857732775,
      0.24655436448599188,
      0.33909428971935046,
      0.1531393572173299],
    "rate_matrix": [
      [0, 0.24655436448599188, 0.33909428971935046, 0.1531393572173299], 
      [0.26121198857732775, 0, 0.33909428971935046, 0.1531393572173299], 
      [0.26121198857732775, 0.24655436448599188, 0, 0.1531393572173299],
      [0.26121198857732775, 0.24655436448599188, 0.33909428971935046, 0]], 
    "rate_divisor": "equilibrium_exit_rate",
    "character_definitions" : [
      [1, 0, 0, 0],
      [0, 1, 0, 0],
      [0, 0, 1, 0],
      [0, 0, 0, 1],
      [1, 1, 1, 1]],
    "character_data" : [
      [1, 0, 1, 4, 4, 1, 4, 1, 4, 1, 4],
      [3, 2, 2, 4, 4, 3, 4, 2, 4, 3, 4],
      [2, 2, 2, 4, 4, 2, 4, 2, 4, 3, 4],
      [1, 1, 0, 4, 4, 1, 4, 1, 4, 0, 4],
      [2, 3, 3, 4, 4, 3, 4, 3, 4, 3, 4],
      [0, 1, 0, 4, 4, 1, 4, 1, 4, 0, 4],
      [1, 1, 1, 4, 4, 0, 4, 1, 4, 1, 4],
      [2, 2, 3, 4, 4, 2, 4, 2, 4, 3, 4],
      [0, 0, 1, 4, 4, 0, 4, 1, 4, 0, 4],
      [2, 2, 2, 4, 4, 2, 4, 1, 4, 3, 4],
      [0, 0, 0, 4, 4, 0, 4, 0, 4, 1, 4],
      [3, 2, 2, 4, 4, 3, 4, 3, 4, 3, 4],
      [2, 2, 2, 4, 4, 3, 4, 3, 4, 2, 4],
      [2, 3, 3, 4, 4, 0, 4, 2, 4, 2, 4],
      [1, 0, 0, 4, 4, 1, 4, 1, 4, 1, 4],
      [0, 0, 0, 4, 4, 0, 4, 1, 4, 1, 4],
      [4, 4, 4, 4, 4, 4, 4, 4, 4, 1, 4],
      [2, 3, 2, 4, 4, 3, 4, 2, 4, 2, 4],
      [1, 1, 1, 4, 4, 1, 4, 0, 4, 0, 4],
      [1, 1, 1, 4, 4, 1, 4, 1, 4, 2, 4],
      [1, 1, 1, 4, 4, 0, 4, 0, 4, 1, 4],
      [2, 2, 2, 4, 4, 3, 4, 3, 4, 1, 4],
      [2, 2, 2, 4, 4, 2, 4, 3, 4, 2, 4],
      [1, 1, 0, 4, 4, 1, 4, 1, 4, 1, 4],
      [2, 3, 2, 4, 4, 2, 4, 4, 4, 2, 4],
      [0, 0, 0, 4, 4, 1, 4, 1, 4, 0, 4],
      [0, 0, 0, 4, 4, 1, 4, 0, 4, 0, 4],
      [0, 0, 0, 4, 4, 0, 4, 2, 4, 0, 4],
      [2, 2, 3, 4, 4, 2, 4, 2, 4, 2, 4],
      [1, 0, 0, 4, 4, 1, 4, 0, 4, 0, 4],
      [1, 0, 0, 4, 4, 1, 4, 1, 4, 0, 4],
      [2, 2, 2, 4, 4, 3, 4, 3, 4, 3, 4],
      [0, 1, 1, 4, 4, 1, 4, 1, 4, 1, 4],
      [1, 0, 0, 4, 4, 0, 4, 1, 4, 0, 4],
      [1, 0, 0, 4, 4, 0, 4, 0, 4, 0, 4],
      [2, 2, 2, 4, 4, 0, 4, 2, 4, 2, 4],
      [1, 1, 1, 4, 4, 1, 4, 0, 4, 1, 4],
      [2, 2, 2, 4, 4, 2, 4, 3, 4, 3, 4],
      [0, 0, 0, 4, 4, 0, 4, 1, 4, 0, 4],
      [3, 3, 3, 4, 4, 3, 4, 3, 4, 3, 4],
      [0, 0, 0, 4, 4, 0, 4, 1, 4, 3, 4],
      [3, 3, 3, 4, 4, 3, 4, 2, 4, 3, 4],
      [1, 1, 1, 4, 4, 1, 4, 1, 4, 1, 4],
      [2, 2, 2, 4, 4, 2, 4, 2, 4, 2, 4],
      [2, 2, 2, 4, 4, 3, 4, 2, 4, 3, 4],
      [2, 2, 2, 4, 4, 2, 4, 1, 4, 2, 4],
      [4, 4, 4, 4, 4, 4, 4, 2, 4, 4, 4],
      [3, 2, 3, 4, 4, 3, 4, 3, 4, 2, 4],
      [4, 4, 4, 4, 4, 4, 4, 1, 4, 4, 4],
      [1, 1, 1, 4, 4, 0, 4, 1, 4, 0, 4],
      [1, 1, 1, 4, 4, 0, 4, 0, 4, 0, 4],
      [3, 2, 2, 4, 4, 2, 4, 3, 4, 2, 4],
      [2, 1, 2, 4, 4, 2, 4, 2, 4, 2, 4],
      [2, 2, 2, 4, 4, 2, 4, 4, 4, 2, 4],
      [4, 4, 4, 4, 4, 4, 4, 4, 4, 2, 4],
      [0, 1, 1, 4, 4, 1, 4, 0, 4, 1, 4],
      [0, 0, 0, 4, 4, 1, 4, 1, 4, 2, 4],
      [3, 3, 3, 4, 4, 3, 4, 3, 4, 2, 4],
      [2, 2, 2, 4, 4, 3, 4, 2, 4, 2, 4],
      [2, 2, 2, 4, 4, 2, 4, 3, 4, 1, 4],
      [4, 4, 4, 4, 4, 4, 4, 4, 4, 0, 4],
      [0, 1, 0, 4, 4, 0, 4, 1, 4, 0, 4],
      [0, 1, 0, 4, 4, 0, 4, 0, 4, 0, 4],
      [0, 0, 0, 4, 4, 0, 4, 0, 4, 0, 4],
      [1, 1, 1, 4, 4, 1, 4, 1, 4, 0, 4],
      [3, 3, 3, 4, 4, 3, 4, 2, 4, 2, 4],
      [3, 2, 2, 4, 4, 2, 4, 2, 4, 2, 4],
      [0, 0, 0, 4, 4, 0, 4, 0, 4, 2, 4],
      [3, 3, 3, 4, 4, 2, 4, 2, 4, 3, 4]]},
  "site_reduction" : {
    "aggregation" : [
      1, 1, 8, 1, 1, 1, 4, 1, 1, 1, 12, 1, 2, 1, 1, 6, 2, 1, 3, 2,
      1, 1, 9, 1, 1, 1, 3, 1, 1, 2, 1, 1, 4, 2, 3, 1, 5, 2, 9, 99,
      1, 2, 148, 221, 1, 1, 1, 1, 1, 3, 1, 1, 1, 1, 2, 1, 1, 4, 4, 1,
      1, 1, 1, 155, 8, 1, 3, 1, 1]}
}
