{
  "model_and_data": {
    "root_prior": [0.235, 0.34587, 0.323, 0.09613], 
    "gamma_rate_mixture": {
      "gamma_categories": 4, 
      "gamma_shape": 0.19249
    }, 
    "rate_matrix": [
      [0, 1.370596, 0.039081, 4e-06], 
      [0.931256, 0, 0.072745, 0.004875], 
      [0.028434, 0.077896, 0, 0.439244], 
      [1.1e-05, 0.017541, 1.475874, 0]
    ], 
    "edges": [[7, 6], [6, 5], [5, 0], [5, 1], [6, 2], [7, 3], [7, 4]], 
    "edge_rate_coefficients": [
      0.131394, 
      0.03549, 
      0.057987, 
      0.074612, 
      0.074352, 
      0.350156, 
      0.544601
    ]
  }
}
