{
  "model_and_data": {
    "edges": [
      [10, 8],
      [8, 6],
      [6, 4],
      [4, 0],
      [4, 3],
      [3, 1],
      [3, 2],
      [6, 5],
      [8, 7],
      [10, 9]], 
    "edge_rate_coefficients": [
      0.030457, 
      0.033087, 
      0.012035, 
      0.024003, 
      0.013231, 
      0.010772, 
      0.010772, 
      0.036038, 
      0.069125, 
      0.099582], 
    "normalized_median_gamma_rate_mixture": {
      "invariable_prior": 0.486548,
      "gamma_categories": 4,
      "gamma_shape": 0.587649},
    "rate_matrix": [
      [0, 9.730154086323276, 0.33909428971935046, 0.1531393572173299],
      [10.308610449265515, 0, 0.33909428971935046, 0.1531393572173299],
      [0.26121198857732775, 0.24655436448599188, 0, 6.04357398219889],
      [0.26121198857732775, 0.24655436448599188, 13.382199482212314, 0]],
    "rate_divisor": "equilibrium_exit_rate"
  }
}
