 {
 "model_and_data" : {
	 "edges" : [
		 [5, 0],
		 [5, 1],
		 [5, 6],
		 [6, 2],
		 [6, 7],
		 [7, 3],
		 [7, 4]],
	 "edge_rate_coefficients" : [0.01, 0.2, 0.15, 0.3, 0.05, 0.3, 0.02],
	 "rate_matrix" : [
		 [
			 0,
			 0.333333333333333333,
			 0.333333333333333333,
			 0.333333333333333333],
		 [
			 0.333333333333333333,
			 0,
			 0.333333333333333333,
			 0.333333333333333333],
		 [
			 0.333333333333333333,
			 0.333333333333333333,
			 0,
			 0.333333333333333333],
		 [
			 0.333333333333333333,
			 0.333333333333333333,
			 0.333333333333333333,
			 0]],
	 "probability_array" : [[
		 [1, 0, 0, 0],
		 [0, 1, 0, 0],
		 [0, 1, 0, 0],
		 [0, 1, 0, 0],
		 [0, 0, 1, 0],
		 [0.25, 0.25, 0.25, 0.25],
		 [1, 1, 1, 1],
		 [1, 1, 1, 1]]]},
 "site_reduction" : {"aggregation" : "sum"},
 "edge_reduction" : {"aggregation" : "sum"}
 }
