 {
 "model_and_data" : {
	 "edges" : [[0, 1]],
	 "edge_rate_coefficients" : [0],
	 "rate_matrix" : [
		 [
			 0,
			 0.333333333333333333,
			 0.333333333333333333,
			 0.333333333333333333],
		 [
			 0.333333333333333333,
			 0,
			 0.333333333333333333,
			 0.333333333333333333],
		 [
			 0.333333333333333333,
			 0.333333333333333333,
			 0,
			 0.333333333333333333],
		 [
			 0.333333333333333333,
			 0.333333333333333333,
			 0.333333333333333333,
			 0]],
	 "probability_array" : [[
		 [0.25, 0, 0, 0],
		 [1, 0, 0, 0]]]},
 "site_reduction" : {"aggregation" : "sum"}
 }
