{
"model_and_data" : {
	"edges" : [[0, 1]],
	"edge_rate_coefficients" : [0.1],
	"rate_matrix" : [
		 [0, 3, 1, 1],
		 [3, 0, 1, 1],
		 [1, 1, 0, 3],
		 [1, 1, 3, 0]],
	"rate_divisor" : 8,
	"probability_array" : [
		 [[0.24977275, 0.34067358, 0.2051904, 0.20436327],
		  [1, 0, 0, 0]],
		 [[0.25, 0.16087344, 0.29328435, 0.29584221],
		  [1, 0, 0, 0]]]},
"site_reduction" : {"aggregation" : "sum"}
}
